label;x;y;file;w;h
person;106;772;1660284000.jpg;1920;1080
person;1592;423;1660294800.jpg;1920;1080
person;1574;438;1660294800.jpg;1920;1080
person;1545;445;1660294800.jpg;1920;1080
person;1550;449;1660294800.jpg;1920;1080
person;1561;449;1660291200.jpg;1920;1080
person;1539;451;1660291200.jpg;1920;1080
person;1537;452;1660294800.jpg;1920;1080
person;1579;452;1660291200.jpg;1920;1080
person;1527;457;1660294800.jpg;1920;1080
person;1501;458;1660291200.jpg;1920;1080
person;1520;459;1660294800.jpg;1920;1080
person;1863;459;1660316400.jpg;1920;1080
person;1383;462;1660291200.jpg;1920;1080
person;1490;463;1660294800.jpg;1920;1080
person;1443;465;1660294800.jpg;1920;1080
person;1469;466;1660294800.jpg;1920;1080
person;1444;470;1660291200.jpg;1920;1080
person;1482;472;1660291200.jpg;1920;1080
person;1509;473;1660291200.jpg;1920;1080
person;1837;473;1660309200.jpg;1920;1080
person;1865;473;1660298400.jpg;1920;1080
person;1413;474;1660294800.jpg;1920;1080
person;1875;474;1660294800.jpg;1920;1080
person;1879;476;1660305600.jpg;1920;1080
person;1844;477;1660298400.jpg;1920;1080
person;1859;477;1660309200.jpg;1920;1080
person;1875;477;1660309200.jpg;1920;1080
person;1590;480;1660291200.jpg;1920;1080
person;1176;482;1660294800.jpg;1920;1080
person;1331;482;1660298400.jpg;1920;1080
person;1899;483;1660305600.jpg;1920;1080
person;1125;484;1660294800.jpg;1920;1080
person;1363;484;1660298400.jpg;1920;1080
person;1141;485;1660291200.jpg;1920;1080
person;1316;485;1660298400.jpg;1920;1080
person;1464;485;1660291200.jpg;1920;1080
person;1173;486;1660291200.jpg;1920;1080
person;1394;486;1660291200.jpg;1920;1080
person;1247;487;1660287600.jpg;1920;1080
person;1073;488;1660298400.jpg;1920;1080
person;1881;488;1660298400.jpg;1920;1080
person;1886;488;1660302000.jpg;1920;1080
person;1086;489;1660298400.jpg;1920;1080
person;1202;489;1660294800.jpg;1920;1080
person;1205;489;1660287600.jpg;1920;1080
person;1327;489;1660294800.jpg;1920;1080
person;1338;490;1660291200.jpg;1920;1080
person;1676;490;1660316400.jpg;1920;1080
person;1168;492;1660309200.jpg;1920;1080
person;1838;492;1660305600.jpg;1920;1080
person;961;494;1660302000.jpg;1920;1080
person;1417;494;1660291200.jpg;1920;1080
person;1413;495;1660291200.jpg;1920;1080
person;1878;495;1660291200.jpg;1920;1080
person;1021;496;1660298400.jpg;1920;1080
person;1172;496;1660294800.jpg;1920;1080
person;1039;497;1660298400.jpg;1920;1080
person;1060;497;1660298400.jpg;1920;1080
person;1091;497;1660305600.jpg;1920;1080
person;1178;497;1660320000.jpg;1920;1080
person;1867;497;1660320000.jpg;1920;1080
person;1002;498;1660302000.jpg;1920;1080
person;1021;498;1660291200.jpg;1920;1080
person;1855;498;1660305600.jpg;1920;1080
person;1146;499;1660302000.jpg;1920;1080
person;858;500;1660294800.jpg;1920;1080
person;926;500;1660298400.jpg;1920;1080
person;974;500;1660302000.jpg;1920;1080
person;982;500;1660302000.jpg;1920;1080
person;1003;500;1660305600.jpg;1920;1080
person;1164;500;1660302000.jpg;1920;1080
person;863;501;1660291200.jpg;1920;1080
person;874;501;1660309200.jpg;1920;1080
person;1357;501;1660294800.jpg;1920;1080
person;1637;501;1660298400.jpg;1920;1080
person;1767;501;1660298400.jpg;1920;1080
person;876;502;1660294800.jpg;1920;1080
person;1033;502;1660294800.jpg;1920;1080
person;1628;502;1660294800.jpg;1920;1080
person;860;503;1660309200.jpg;1920;1080
person;1070;503;1660291200.jpg;1920;1080
person;1670;503;1660316400.jpg;1920;1080
person;1892;503;1660291200.jpg;1920;1080
person;856;504;1660294800.jpg;1920;1080
person;991;504;1660305600.jpg;1920;1080
person;850;505;1660298400.jpg;1920;1080
person;939;505;1660294800.jpg;1920;1080
person;999;505;1660298400.jpg;1920;1080
person;1261;505;1660316400.jpg;1920;1080
person;848;506;1660316400.jpg;1920;1080
person;976;507;1660294800.jpg;1920;1080
person;810;508;1660298400.jpg;1920;1080
person;1027;508;1660302000.jpg;1920;1080
person;1906;508;1660305600.jpg;1920;1080
person;922;509;1660302000.jpg;1920;1080
person;931;509;1660302000.jpg;1920;1080
person;967;509;1660298400.jpg;1920;1080
person;1075;509;1660316400.jpg;1920;1080
person;598;510;1660305600.jpg;1920;1080
person;745;510;1660298400.jpg;1920;1080
person;901;510;1660302000.jpg;1920;1080
person;884;511;1660302000.jpg;1920;1080
person;909;511;1660305600.jpg;1920;1080
person;944;511;1660294800.jpg;1920;1080
person;1700;512;1660298400.jpg;1920;1080
person;246;513;1660302000.jpg;1920;1080
person;714;513;1660298400.jpg;1920;1080
person;778;513;1660298400.jpg;1920;1080
person;830;513;1660294800.jpg;1920;1080
person;993;513;1660298400.jpg;1920;1080
person;778;514;1660305600.jpg;1920;1080
person;949;514;1660302000.jpg;1920;1080
person;1083;514;1660291200.jpg;1920;1080
person;1469;514;1660294800.jpg;1920;1080
person;1618;514;1660298400.jpg;1920;1080
person;687;515;1660309200.jpg;1920;1080
person;716;515;1660305600.jpg;1920;1080
person;746;515;1660302000.jpg;1920;1080
person;797;515;1660302000.jpg;1920;1080
person;842;515;1660320000.jpg;1920;1080
person;848;515;1660294800.jpg;1920;1080
person;1910;515;1660291200.jpg;1920;1080
person;745;516;1660316400.jpg;1920;1080
person;761;516;1660294800.jpg;1920;1080
person;762;516;1660302000.jpg;1920;1080
person;1543;516;1660298400.jpg;1920;1080
person;635;517;1660302000.jpg;1920;1080
person;828;517;1660298400.jpg;1920;1080
person;838;517;1660298400.jpg;1920;1080
person;1417;517;1660316400.jpg;1920;1080
person;1430;517;1660316400.jpg;1920;1080
person;651;518;1660309200.jpg;1920;1080
person;805;518;1660294800.jpg;1920;1080
person;820;518;1660287600.jpg;1920;1080
person;889;518;1660309200.jpg;1920;1080
person;1137;518;1660287600.jpg;1920;1080
person;615;519;1660302000.jpg;1920;1080
person;635;519;1660305600.jpg;1920;1080
person;774;519;1660305600.jpg;1920;1080
person;959;519;1660294800.jpg;1920;1080
person;1069;519;1660320000.jpg;1920;1080
person;1160;519;1660287600.jpg;1920;1080
person;1145;520;1660287600.jpg;1920;1080
person;1177;520;1660294800.jpg;1920;1080
person;1394;520;1660294800.jpg;1920;1080
person;517;521;1660302000.jpg;1920;1080
person;532;521;1660305600.jpg;1920;1080
person;540;521;1660305600.jpg;1920;1080
person;714;521;1660302000.jpg;1920;1080
person;997;521;1660291200.jpg;1920;1080
person;1658;521;1660298400.jpg;1920;1080
person;571;522;1660320000.jpg;1920;1080
person;611;522;1660305600.jpg;1920;1080
person;780;522;1660294800.jpg;1920;1080
person;1620;522;1660309200.jpg;1920;1080
person;1902;522;1660291200.jpg;1920;1080
person;725;523;1660291200.jpg;1920;1080
person;758;523;1660320000.jpg;1920;1080
person;767;523;1660298400.jpg;1920;1080
person;1902;523;1660302000.jpg;1920;1080
person;668;524;1660320000.jpg;1920;1080
person;787;524;1660309200.jpg;1920;1080
person;1057;525;1660291200.jpg;1920;1080
person;427;526;1660298400.jpg;1920;1080
person;850;526;1660320000.jpg;1920;1080
person;429;527;1660320000.jpg;1920;1080
person;560;527;1660309200.jpg;1920;1080
person;661;527;1660294800.jpg;1920;1080
person;849;527;1660309200.jpg;1920;1080
person;1114;527;1660294800.jpg;1920;1080
person;495;528;1660298400.jpg;1920;1080
person;1719;528;1660309200.jpg;1920;1080
person;534;529;1660302000.jpg;1920;1080
person;646;529;1660298400.jpg;1920;1080
person;677;529;1660298400.jpg;1920;1080
person;704;529;1660305600.jpg;1920;1080
person;798;529;1660320000.jpg;1920;1080
person;947;529;1660298400.jpg;1920;1080
person;513;530;1660298400.jpg;1920;1080
person;547;530;1660298400.jpg;1920;1080
person;622;530;1660294800.jpg;1920;1080
person;650;530;1660320000.jpg;1920;1080
person;850;530;1660316400.jpg;1920;1080
person;942;530;1660320000.jpg;1920;1080
person;468;531;1660320000.jpg;1920;1080
person;657;531;1660298400.jpg;1920;1080
person;1451;531;1660316400.jpg;1920;1080
person;1904;531;1660291200.jpg;1920;1080
person;425;532;1660302000.jpg;1920;1080
person;448;532;1660302000.jpg;1920;1080
person;643;532;1660294800.jpg;1920;1080
person;669;532;1660298400.jpg;1920;1080
person;1105;532;1660320000.jpg;1920;1080
person;685;533;1660298400.jpg;1920;1080
person;883;533;1660316400.jpg;1920;1080
person;928;533;1660298400.jpg;1920;1080
person;1039;533;1660302000.jpg;1920;1080
person;1099;533;1660294800.jpg;1920;1080
person;514;534;1660320000.jpg;1920;1080
person;583;534;1660287600.jpg;1920;1080
person;674;534;1660320000.jpg;1920;1080
person;840;534;1660316400.jpg;1920;1080
person;1046;534;1660294800.jpg;1920;1080
person;230;535;1660302000.jpg;1920;1080
person;445;535;1660320000.jpg;1920;1080
person;484;535;1660320000.jpg;1920;1080
person;567;535;1660294800.jpg;1920;1080
person;1257;535;1660294800.jpg;1920;1080
person;467;536;1660298400.jpg;1920;1080
person;531;537;1660316400.jpg;1920;1080
person;645;537;1660316400.jpg;1920;1080
person;1584;537;1660320000.jpg;1920;1080
person;302;538;1660316400.jpg;1920;1080
person;431;538;1660316400.jpg;1920;1080
person;445;538;1660294800.jpg;1920;1080
person;519;538;1660294800.jpg;1920;1080
person;312;539;1660320000.jpg;1920;1080
person;360;539;1660294800.jpg;1920;1080
person;420;539;1660305600.jpg;1920;1080
person;473;539;1660298400.jpg;1920;1080
person;483;539;1660298400.jpg;1920;1080
person;533;539;1660298400.jpg;1920;1080
person;571;539;1660305600.jpg;1920;1080
person;588;539;1660305600.jpg;1920;1080
person;607;539;1660320000.jpg;1920;1080
person;870;539;1660294800.jpg;1920;1080
person;251;540;1660309200.jpg;1920;1080
person;344;540;1660294800.jpg;1920;1080
person;418;540;1660316400.jpg;1920;1080
person;827;540;1660291200.jpg;1920;1080
person;1289;540;1660316400.jpg;1920;1080
person;244;541;1660309200.jpg;1920;1080
person;335;541;1660309200.jpg;1920;1080
person;387;541;1660291200.jpg;1920;1080
person;434;541;1660305600.jpg;1920;1080
person;458;541;1660320000.jpg;1920;1080
person;798;541;1660291200.jpg;1920;1080
person;1057;541;1660309200.jpg;1920;1080
person;1329;541;1660316400.jpg;1920;1080
person;275;542;1660298400.jpg;1920;1080
person;347;542;1660291200.jpg;1920;1080
person;440;542;1660320000.jpg;1920;1080
person;478;542;1660316400.jpg;1920;1080
person;964;542;1660291200.jpg;1920;1080
person;1527;542;1660316400.jpg;1920;1080
person;421;543;1660320000.jpg;1920;1080
person;171;544;1660302000.jpg;1920;1080
person;259;544;1660320000.jpg;1920;1080
person;361;544;1660316400.jpg;1920;1080
person;705;544;1660291200.jpg;1920;1080
person;730;544;1660316400.jpg;1920;1080
person;1441;544;1660305600.jpg;1920;1080
person;210;545;1660298400.jpg;1920;1080
person;241;545;1660298400.jpg;1920;1080
person;255;545;1660298400.jpg;1920;1080
person;259;545;1660309200.jpg;1920;1080
person;361;545;1660305600.jpg;1920;1080
person;367;545;1660320000.jpg;1920;1080
person;445;545;1660320000.jpg;1920;1080
person;577;545;1660298400.jpg;1920;1080
person;1457;545;1660305600.jpg;1920;1080
person;1549;545;1660305600.jpg;1920;1080
person;125;546;1660305600.jpg;1920;1080
person;337;546;1660298400.jpg;1920;1080
person;358;546;1660291200.jpg;1920;1080
person;400;546;1660320000.jpg;1920;1080
person;428;546;1660320000.jpg;1920;1080
person;450;546;1660298400.jpg;1920;1080
person;502;546;1660316400.jpg;1920;1080
person;513;546;1660305600.jpg;1920;1080
person;660;546;1660305600.jpg;1920;1080
person;679;546;1660316400.jpg;1920;1080
person;1192;546;1660294800.jpg;1920;1080
person;160;547;1660316400.jpg;1920;1080
person;220;547;1660298400.jpg;1920;1080
person;331;547;1660291200.jpg;1920;1080
person;437;547;1660287600.jpg;1920;1080
person;772;547;1660305600.jpg;1920;1080
person;295;548;1660316400.jpg;1920;1080
person;515;548;1660298400.jpg;1920;1080
person;804;548;1660294800.jpg;1920;1080
person;896;548;1660320000.jpg;1920;1080
person;1107;548;1660305600.jpg;1920;1080
person;1119;548;1660305600.jpg;1920;1080
person;118;549;1660294800.jpg;1920;1080
person;143;549;1660305600.jpg;1920;1080
person;155;549;1660305600.jpg;1920;1080
person;226;549;1660320000.jpg;1920;1080
person;338;549;1660305600.jpg;1920;1080
person;416;549;1660316400.jpg;1920;1080
person;651;549;1660309200.jpg;1920;1080
person;846;549;1660302000.jpg;1920;1080
person;1006;549;1660294800.jpg;1920;1080
person;203;550;1660302000.jpg;1920;1080
person;669;550;1660305600.jpg;1920;1080
person;1916;550;1660291200.jpg;1920;1080
person;58;551;1660316400.jpg;1920;1080
person;164;551;1660298400.jpg;1920;1080
person;401;551;1660316400.jpg;1920;1080
person;402;551;1660309200.jpg;1920;1080
person;1401;551;1660302000.jpg;1920;1080
person;274;552;1660305600.jpg;1920;1080
person;283;552;1660305600.jpg;1920;1080
person;475;552;1660302000.jpg;1920;1080
person;519;553;1660298400.jpg;1920;1080
person;132;554;1660298400.jpg;1920;1080
person;1611;554;1660305600.jpg;1920;1080
person;123;555;1660305600.jpg;1920;1080
person;352;555;1660309200.jpg;1920;1080
person;794;555;1660294800.jpg;1920;1080
person;818;555;1660294800.jpg;1920;1080
person;925;555;1660320000.jpg;1920;1080
person;995;555;1660305600.jpg;1920;1080
person;1623;555;1660316400.jpg;1920;1080
person;19;556;1660302000.jpg;1920;1080
person;90;556;1660298400.jpg;1920;1080
person;92;556;1660294800.jpg;1920;1080
person;142;556;1660316400.jpg;1920;1080
person;287;556;1660291200.jpg;1920;1080
person;615;556;1660305600.jpg;1920;1080
person;300;557;1660291200.jpg;1920;1080
person;341;557;1660320000.jpg;1920;1080
person;926;557;1660294800.jpg;1920;1080
person;1090;557;1660309200.jpg;1920;1080
person;819;558;1660287600.jpg;1920;1080
person;108;559;1660302000.jpg;1920;1080
person;132;559;1660302000.jpg;1920;1080
person;549;559;1660316400.jpg;1920;1080
person;1106;559;1660294800.jpg;1920;1080
person;38;560;1660316400.jpg;1920;1080
person;59;560;1660320000.jpg;1920;1080
person;418;560;1660316400.jpg;1920;1080
person;281;561;1660305600.jpg;1920;1080
person;297;561;1660320000.jpg;1920;1080
person;558;561;1660320000.jpg;1920;1080
person;620;561;1660294800.jpg;1920;1080
person;995;561;1660309200.jpg;1920;1080
person;44;562;1660305600.jpg;1920;1080
person;144;562;1660298400.jpg;1920;1080
person;267;562;1660302000.jpg;1920;1080
person;1148;562;1660302000.jpg;1920;1080
person;70;563;1660294800.jpg;1920;1080
person;221;563;1660305600.jpg;1920;1080
person;230;563;1660316400.jpg;1920;1080
person;456;563;1660294800.jpg;1920;1080
person;18;564;1660287600.jpg;1920;1080
person;97;564;1660320000.jpg;1920;1080
person;188;564;1660305600.jpg;1920;1080
person;58;565;1660316400.jpg;1920;1080
person;113;565;1660298400.jpg;1920;1080
person;363;565;1660320000.jpg;1920;1080
person;669;565;1660316400.jpg;1920;1080
person;98;566;1660298400.jpg;1920;1080
person;319;566;1660320000.jpg;1920;1080
person;605;566;1660309200.jpg;1920;1080
person;1143;566;1660294800.jpg;1920;1080
person;1655;566;1660320000.jpg;1920;1080
person;148;567;1660320000.jpg;1920;1080
person;735;567;1660298400.jpg;1920;1080
person;1572;567;1660294800.jpg;1920;1080
person;648;568;1660302000.jpg;1920;1080
person;1046;568;1660305600.jpg;1920;1080
person;446;569;1660316400.jpg;1920;1080
person;1590;569;1660316400.jpg;1920;1080
person;43;570;1660287600.jpg;1920;1080
person;195;570;1660305600.jpg;1920;1080
person;155;571;1660302000.jpg;1920;1080
person;228;571;1660316400.jpg;1920;1080
person;476;571;1660294800.jpg;1920;1080
person;125;572;1660309200.jpg;1920;1080
person;143;572;1660302000.jpg;1920;1080
person;1372;572;1660298400.jpg;1920;1080
person;82;573;1660294800.jpg;1920;1080
person;1254;573;1660298400.jpg;1920;1080
person;1357;573;1660305600.jpg;1920;1080
person;70;574;1660320000.jpg;1920;1080
person;838;574;1660316400.jpg;1920;1080
person;996;574;1660302000.jpg;1920;1080
person;1227;574;1660302000.jpg;1920;1080
person;1595;575;1660305600.jpg;1920;1080
person;96;577;1660316400.jpg;1920;1080
person;201;577;1660316400.jpg;1920;1080
person;340;577;1660298400.jpg;1920;1080
person;442;577;1660298400.jpg;1920;1080
person;227;578;1660302000.jpg;1920;1080
person;260;578;1660294800.jpg;1920;1080
person;691;578;1660298400.jpg;1920;1080
person;63;579;1660320000.jpg;1920;1080
person;111;579;1660316400.jpg;1920;1080
person;743;579;1660291200.jpg;1920;1080
person;1021;579;1660305600.jpg;1920;1080
person;859;581;1660316400.jpg;1920;1080
person;1038;582;1660309200.jpg;1920;1080
person;1160;582;1660298400.jpg;1920;1080
person;1151;583;1660298400.jpg;1920;1080
person;98;584;1660309200.jpg;1920;1080
person;838;584;1660309200.jpg;1920;1080
person;152;585;1660309200.jpg;1920;1080
person;339;585;1660305600.jpg;1920;1080
person;170;586;1660320000.jpg;1920;1080
person;1783;586;1660316400.jpg;1920;1080
person;215;587;1660309200.jpg;1920;1080
person;866;587;1660309200.jpg;1920;1080
person;35;588;1660309200.jpg;1920;1080
person;1232;588;1660320000.jpg;1920;1080
person;1277;588;1660316400.jpg;1920;1080
person;96;589;1660316400.jpg;1920;1080
person;608;589;1660302000.jpg;1920;1080
person;642;589;1660320000.jpg;1920;1080
person;338;590;1660294800.jpg;1920;1080
person;728;591;1660298400.jpg;1920;1080
person;70;593;1660305600.jpg;1920;1080
person;493;593;1660302000.jpg;1920;1080
person;873;593;1660302000.jpg;1920;1080
person;923;593;1660302000.jpg;1920;1080
person;991;593;1660294800.jpg;1920;1080
person;289;594;1660294800.jpg;1920;1080
person;838;594;1660298400.jpg;1920;1080
person;846;594;1660302000.jpg;1920;1080
person;291;595;1660305600.jpg;1920;1080
person;40;597;1660320000.jpg;1920;1080
person;465;597;1660294800.jpg;1920;1080
person;861;597;1660298400.jpg;1920;1080
person;889;597;1660298400.jpg;1920;1080
person;107;598;1660316400.jpg;1920;1080
person;691;598;1660298400.jpg;1920;1080
person;370;599;1660302000.jpg;1920;1080
person;598;599;1660316400.jpg;1920;1080
person;1192;602;1660305600.jpg;1920;1080
person;85;603;1660305600.jpg;1920;1080
person;928;603;1660298400.jpg;1920;1080
person;825;605;1660320000.jpg;1920;1080
person;912;605;1660298400.jpg;1920;1080
person;766;606;1660320000.jpg;1920;1080
person;113;607;1660298400.jpg;1920;1080
person;927;608;1660287600.jpg;1920;1080
person;946;609;1660287600.jpg;1920;1080
person;1064;609;1660302000.jpg;1920;1080
person;16;610;1660320000.jpg;1920;1080
person;1033;611;1660309200.jpg;1920;1080
person;1056;611;1660305600.jpg;1920;1080
person;1053;613;1660309200.jpg;1920;1080
person;1593;613;1660316400.jpg;1920;1080
person;773;614;1660305600.jpg;1920;1080
person;1063;614;1660309200.jpg;1920;1080
person;148;615;1660291200.jpg;1920;1080
person;1337;615;1660316400.jpg;1920;1080
person;268;616;1660305600.jpg;1920;1080
person;118;617;1660291200.jpg;1920;1080
person;1254;617;1660302000.jpg;1920;1080
person;178;618;1660294800.jpg;1920;1080
person;745;619;1660305600.jpg;1920;1080
person;63;623;1660309200.jpg;1920;1080
person;1163;623;1660320000.jpg;1920;1080
person;563;625;1660302000.jpg;1920;1080
person;609;625;1660302000.jpg;1920;1080
person;620;625;1660302000.jpg;1920;1080
person;696;625;1660316400.jpg;1920;1080
person;534;626;1660320000.jpg;1920;1080
person;542;626;1660298400.jpg;1920;1080
person;560;626;1660298400.jpg;1920;1080
person;162;629;1660302000.jpg;1920;1080
person;215;629;1660291200.jpg;1920;1080
person;575;631;1660320000.jpg;1920;1080
person;1294;632;1660309200.jpg;1920;1080
person;376;633;1660298400.jpg;1920;1080
person;404;634;1660298400.jpg;1920;1080
person;596;634;1660320000.jpg;1920;1080
person;1345;634;1660309200.jpg;1920;1080
person;83;635;1660305600.jpg;1920;1080
person;267;637;1660298400.jpg;1920;1080
person;94;638;1660298400.jpg;1920;1080
person;423;642;1660305600.jpg;1920;1080
person;662;642;1660302000.jpg;1920;1080
person;321;643;1660320000.jpg;1920;1080
person;182;644;1660320000.jpg;1920;1080
person;114;645;1660305600.jpg;1920;1080
person;331;646;1660320000.jpg;1920;1080
person;153;647;1660320000.jpg;1920;1080
person;255;647;1660309200.jpg;1920;1080
person;356;647;1660305600.jpg;1920;1080
person;432;649;1660320000.jpg;1920;1080
person;373;650;1660305600.jpg;1920;1080
person;1108;653;1660302000.jpg;1920;1080
person;103;654;1660309200.jpg;1920;1080
person;575;656;1660320000.jpg;1920;1080
person;706;660;1660320000.jpg;1920;1080
person;147;663;1660309200.jpg;1920;1080
person;1198;664;1660320000.jpg;1920;1080
person;1295;677;1660320000.jpg;1920;1080
person;1423;686;1660309200.jpg;1920;1080
person;1356;688;1660320000.jpg;1920;1080
person;1450;688;1660320000.jpg;1920;1080
person;517;691;1660320000.jpg;1920;1080
person;210;694;1660305600.jpg;1920;1080
person;1424;696;1660320000.jpg;1920;1080
person;308;697;1660305600.jpg;1920;1080
person;250;699;1660305600.jpg;1920;1080
person;235;700;1660305600.jpg;1920;1080
person;1380;702;1660309200.jpg;1920;1080
person;817;713;1660320000.jpg;1920;1080
person;849;713;1660305600.jpg;1920;1080
person;616;721;1660287600.jpg;1920;1080
person;289;725;1660305600.jpg;1920;1080
person;565;728;1660305600.jpg;1920;1080
person;1128;731;1660287600.jpg;1920;1080
person;865;746;1660287600.jpg;1920;1080
person;1153;750;1660320000.jpg;1920;1080
person;411;751;1660320000.jpg;1920;1080
person;129;764;1660302000.jpg;1920;1080
person;147;768;1660284000.jpg;1920;1080
person;1362;803;1660287600.jpg;1920;1080
person;1378;807;1660287600.jpg;1920;1080
person;1842;839;1660298400.jpg;1920;1080
person;1499;844;1660309200.jpg;1920;1080
person;1879;870;1660291200.jpg;1920;1080
person;1533;872;1660309200.jpg;1920;1080
person;1812;872;1660294800.jpg;1920;1080
person;320;874;1660298400.jpg;1920;1080
person;1468;879;1660309200.jpg;1920;1080
person;262;886;1660298400.jpg;1920;1080
person;252;892;1660302000.jpg;1920;1080
person;1918;893;1660291200.jpg;1920;1080
person;1754;912;1660294800.jpg;1920;1080
person;1866;918;1660298400.jpg;1920;1080
person;1890;918;1660298400.jpg;1920;1080
person;1909;918;1660302000.jpg;1920;1080
person;1806;934;1660302000.jpg;1920;1080
person;1810;937;1660298400.jpg;1920;1080
person;1845;951;1660302000.jpg;1920;1080
person;443;962;1660294800.jpg;1920;1080
person;1909;983;1660302000.jpg;1920;1080
person;1307;1000;1660298400.jpg;1920;1080
person;1862;1004;1660298400.jpg;1920;1080
person;1085;1033;1660316400.jpg;1920;1080
person;994;1036;1660316400.jpg;1920;1080
person;489;1038;1660298400.jpg;1920;1080
person;1643;1068;1660294800.jpg;1920;1080
person;1125;653;1660298400.jpg;1920;1080