label;x;y;file;w;h
person;1294;683;1660320000.jpg;1920;1080
person;1195;669;1660320000.jpg;1920;1080
person;1155;752;1660320000.jpg;1920;1080
person;821;718;1660320000.jpg;1920;1080
person;706;662;1660320000.jpg;1920;1080
person;1164;619;1660320000.jpg;1920;1080
person;1236;587;1660320000.jpg;1920;1080
person;1898;521;1660320000.jpg;1920;1080
person;1895;482;1660320000.jpg;1920;1080
person;1585;537;1660320000.jpg;1920;1080
person;1491;538;1660320000.jpg;1920;1080
person;1471;538;1660320000.jpg;1920;1080
person;1675;471;1660320000.jpg;1920;1080
person;1668;489;1660320000.jpg;1920;1080
person;1663;471;1660320000.jpg;1920;1080
person;1519;470;1660320000.jpg;1920;1080
person;1554;473;1660320000.jpg;1920;1080
person;1421;475;1660320000.jpg;1920;1080
person;1442;529;1660320000.jpg;1920;1080
person;1429;524;1660320000.jpg;1920;1080
person;1378;503;1660320000.jpg;1920;1080
person;1264;535;1660320000.jpg;1920;1080
person;1230;556;1660320000.jpg;1920;1080
person;517;694;1660320000.jpg;1920;1080
person;410;755;1660320000.jpg;1920;1080
person;577;632;1660320000.jpg;1920;1080
person;574;663;1660320000.jpg;1920;1080
person;642;588;1660320000.jpg;1920;1080
person;823;610;1660320000.jpg;1920;1080
person;843;521;1660320000.jpg;1920;1080
person;856;537;1660320000.jpg;1920;1080
person;926;559;1660320000.jpg;1920;1080
person;990;546;1660320000.jpg;1920;1080
person;1108;532;1660320000.jpg;1920;1080
person;1072;514;1660320000.jpg;1920;1080
person;1181;506;1660320000.jpg;1920;1080
person;1158;496;1660320000.jpg;1920;1080
person;1219;487;1660320000.jpg;1920;1080
person;1016;499;1660320000.jpg;1920;1080
person;676;546;1660320000.jpg;1920;1080
person;658;534;1660320000.jpg;1920;1080
person;603;540;1660320000.jpg;1920;1080
person;619;534;1660320000.jpg;1920;1080
person;574;523;1660320000.jpg;1920;1080
person;516;540;1660320000.jpg;1920;1080
person;464;545;1660320000.jpg;1920;1080
person;449;554;1660320000.jpg;1920;1080
person;439;542;1660320000.jpg;1920;1080
person;427;549;1660320000.jpg;1920;1080
person;366;545;1660320000.jpg;1920;1080
person;343;560;1660320000.jpg;1920;1080
person;324;571;1660320000.jpg;1920;1080
person;301;570;1660320000.jpg;1920;1080
person;259;543;1660320000.jpg;1920;1080
person;101;563;1660320000.jpg;1920;1080
person;61;560;1660320000.jpg;1920;1080
person;61;585;1660320000.jpg;1920;1080
person;168;588;1660320000.jpg;1920;1080
person;796;531;1660320000.jpg;1920;1080
person;764;521;1660320000.jpg;1920;1080
person;896;546;1660320000.jpg;1920;1080
person;1066;584;1660320000.jpg;1920;1080
person;1647;568;1660320000.jpg;1920;1080
person;1470;470;1660320000.jpg;1920;1080
person;146;573;1660320000.jpg;1920;1080
person;315;540;1660320000.jpg;1920;1080
person;561;560;1660320000.jpg;1920;1080
person;762;607;1660320000.jpg;1920;1080
person;1354;471;1660320000.jpg;1920;1080
person;1329;514;1660320000.jpg;1920;1080
person;1540;445;1660320000.jpg;1920;1080
person;1867;499;1660320000.jpg;1920;1080
person;154;648;1660320000.jpg;1920;1080
person;11;616;1660320000.jpg;1920;1080
person;39;601;1660320000.jpg;1920;1080
person;514;599;1660320000.jpg;1920;1080
person;397;548;1660320000.jpg;1920;1080
person;366;565;1660320000.jpg;1920;1080
person;547;563;1660320000.jpg;1920;1080
person;946;531;1660320000.jpg;1920;1080
person;1052;540;1660320000.jpg;1920;1080
person;101;777;1660284000.jpg;1920;1080
person;148;771;1660284000.jpg;1920;1080
person;1459;432;1660284000.jpg;1920;1080
person;19;566;1660287600.jpg;1920;1080
person;42;574;1660287600.jpg;1920;1080
person;438;548;1660287600.jpg;1920;1080
person;619;721;1660287600.jpg;1920;1080
person;583;535;1660287600.jpg;1920;1080
person;821;518;1660287600.jpg;1920;1080
person;944;610;1660287600.jpg;1920;1080
person;930;612;1660287600.jpg;1920;1080
person;868;746;1660287600.jpg;1920;1080
person;1128;732;1660287600.jpg;1920;1080
person;1375;819;1660287600.jpg;1920;1080
person;1138;521;1660287600.jpg;1920;1080
person;1164;520;1660287600.jpg;1920;1080
person;1203;489;1660287600.jpg;1920;1080
person;1242;489;1660287600.jpg;1920;1080
person;151;615;1660291200.jpg;1920;1080
person;115;621;1660291200.jpg;1920;1080
person;385;538;1660291200.jpg;1920;1080
person;363;545;1660291200.jpg;1920;1080
person;348;545;1660291200.jpg;1920;1080
person;327;549;1660291200.jpg;1920;1080
person;293;559;1660291200.jpg;1920;1080
person;511;542;1660291200.jpg;1920;1080
person;528;542;1660291200.jpg;1920;1080
person;725;526;1660291200.jpg;1920;1080
person;743;585;1660291200.jpg;1920;1080
person;801;545;1660291200.jpg;1920;1080
person;831;542;1660291200.jpg;1920;1080
person;840;584;1660291200.jpg;1920;1080
person;968;543;1660291200.jpg;1920;1080
person;1025;495;1660291200.jpg;1920;1080
person;999;523;1660291200.jpg;1920;1080
person;859;499;1660291200.jpg;1920;1080
person;1142;481;1660291200.jpg;1920;1080
person;1172;487;1660291200.jpg;1920;1080
person;1314;453;1660291200.jpg;1920;1080
person;1384;465;1660291200.jpg;1920;1080
person;1443;467;1660291200.jpg;1920;1080
person;1418;490;1660291200.jpg;1920;1080
person;1398;484;1660291200.jpg;1920;1080
person;1339;490;1660291200.jpg;1920;1080
person;1255;545;1660291200.jpg;1920;1080
person;1055;531;1660291200.jpg;1920;1080
person;1071;503;1660291200.jpg;1920;1080
person;1086;518;1660291200.jpg;1920;1080
person;1102;534;1660291200.jpg;1920;1080
person;1359;510;1660291200.jpg;1920;1080
person;1909;512;1660291200.jpg;1920;1080
person;1903;528;1660291200.jpg;1920;1080
person;1915;549;1660291200.jpg;1920;1080
person;1588;478;1660291200.jpg;1920;1080
person;1560;443;1660291200.jpg;1920;1080
person;1576;448;1660291200.jpg;1920;1080
person;1601;450;1660291200.jpg;1920;1080
person;1543;450;1660291200.jpg;1920;1080
person;1505;459;1660291200.jpg;1920;1080
person;1493;459;1660291200.jpg;1920;1080
person;1481;459;1660291200.jpg;1920;1080
person;1466;481;1660291200.jpg;1920;1080
person;1496;479;1660291200.jpg;1920;1080
person;1523;465;1660291200.jpg;1920;1080
person;1481;476;1660291200.jpg;1920;1080
person;1286;464;1660291200.jpg;1920;1080
person;1297;445;1660291200.jpg;1920;1080
person;972;520;1660291200.jpg;1920;1080
person;210;630;1660291200.jpg;1920;1080
person;1881;870;1660291200.jpg;1920;1080
person;1915;898;1660291200.jpg;1920;1080
person;1258;467;1660291200.jpg;1920;1080
person;362;537;1660294800.jpg;1920;1080
person;344;543;1660294800.jpg;1920;1080
person;340;588;1660294800.jpg;1920;1080
person;287;598;1660294800.jpg;1920;1080
person;262;576;1660294800.jpg;1920;1080
person;95;560;1660294800.jpg;1920;1080
person;65;565;1660294800.jpg;1920;1080
person;461;596;1660294800.jpg;1920;1080
person;475;576;1660294800.jpg;1920;1080
person;443;537;1660294800.jpg;1920;1080
person;457;562;1660294800.jpg;1920;1080
person;405;512;1660294800.jpg;1920;1080
person;521;540;1660294800.jpg;1920;1080
person;566;534;1660294800.jpg;1920;1080
person;622;532;1660294800.jpg;1920;1080
person;644;534;1660294800.jpg;1920;1080
person;662;524;1660294800.jpg;1920;1080
person;609;552;1660294800.jpg;1920;1080
person;625;563;1660294800.jpg;1920;1080
person;732;568;1660294800.jpg;1920;1080
person;761;520;1660294800.jpg;1920;1080
person;778;523;1660294800.jpg;1920;1080
person;809;521;1660294800.jpg;1920;1080
person;799;549;1660294800.jpg;1920;1080
person;818;556;1660294800.jpg;1920;1080
person;876;593;1660294800.jpg;1920;1080
person;866;542;1660294800.jpg;1920;1080
person;856;506;1660294800.jpg;1920;1080
person;823;512;1660294800.jpg;1920;1080
person;843;517;1660294800.jpg;1920;1080
person;860;499;1660294800.jpg;1920;1080
person;938;503;1660294800.jpg;1920;1080
person;876;501;1660294800.jpg;1920;1080
person;943;510;1660294800.jpg;1920;1080
person;960;520;1660294800.jpg;1920;1080
person;977;504;1660294800.jpg;1920;1080
person;1033;503;1660294800.jpg;1920;1080
person;1019;526;1660294800.jpg;1920;1080
person;1007;552;1660294800.jpg;1920;1080
person;990;596;1660294800.jpg;1920;1080
person;974;543;1660294800.jpg;1920;1080
person;930;568;1660294800.jpg;1920;1080
person;1105;566;1660294800.jpg;1920;1080
person;1097;537;1660294800.jpg;1920;1080
person;1116;520;1660294800.jpg;1920;1080
person;1110;476;1660294800.jpg;1920;1080
person;1131;484;1660294800.jpg;1920;1080
person;1152;498;1660294800.jpg;1920;1080
person;1172;479;1660294800.jpg;1920;1080
person;1169;496;1660294800.jpg;1920;1080
person;1170;515;1660294800.jpg;1920;1080
person;1184;520;1660294800.jpg;1920;1080
person;1200;485;1660294800.jpg;1920;1080
person;1228;532;1660294800.jpg;1920;1080
person;1191;543;1660294800.jpg;1920;1080
person;1155;560;1660294800.jpg;1920;1080
person;1136;565;1660294800.jpg;1920;1080
person;1568;573;1660294800.jpg;1920;1080
person;1641;1065;1660294800.jpg;1920;1080
person;1755;909;1660294800.jpg;1920;1080
person;1808;874;1660294800.jpg;1920;1080
person;1892;917;1660294800.jpg;1920;1080
person;1876;476;1660294800.jpg;1920;1080
person;1828;496;1660294800.jpg;1920;1080
person;1706;475;1660294800.jpg;1920;1080
person;1624;499;1660294800.jpg;1920;1080
person;1657;492;1660294800.jpg;1920;1080
person;1566;481;1660294800.jpg;1920;1080
person;1577;443;1660294800.jpg;1920;1080
person;1552;448;1660294800.jpg;1920;1080
person;1538;461;1660294800.jpg;1920;1080
person;1551;448;1660294800.jpg;1920;1080
person;1521;456;1660294800.jpg;1920;1080
person;1488;464;1660294800.jpg;1920;1080
person;1468;457;1660294800.jpg;1920;1080
person;1443;462;1660294800.jpg;1920;1080
person;1412;473;1660294800.jpg;1920;1080
person;1468;489;1660294800.jpg;1920;1080
person;1395;524;1660294800.jpg;1920;1080
person;1471;510;1660294800.jpg;1920;1080
person;1446;507;1660294800.jpg;1920;1080
person;1404;498;1660294800.jpg;1920;1080
person;1357;503;1660294800.jpg;1920;1080
person;1568;523;1660294800.jpg;1920;1080
person;1092;484;1660294800.jpg;1920;1080
person;170;556;1660294800.jpg;1920;1080
person;118;556;1660294800.jpg;1920;1080
person;444;961;1660294800.jpg;1920;1080
person;1046;538;1660294800.jpg;1920;1080
person;256;886;1660298400.jpg;1920;1080
person;319;867;1660298400.jpg;1920;1080
person;492;1042;1660298400.jpg;1920;1080
person;1309;1000;1660298400.jpg;1920;1080
person;1867;1004;1660298400.jpg;1920;1080
person;1808;937;1660298400.jpg;1920;1080
person;1845;850;1660298400.jpg;1920;1080
person;1887;484;1660298400.jpg;1920;1080
person;1906;467;1660298400.jpg;1920;1080
person;1892;461;1660298400.jpg;1920;1080
person;1864;471;1660298400.jpg;1920;1080
person;1845;476;1660298400.jpg;1920;1080
person;1764;501;1660298400.jpg;1920;1080
person;1713;518;1660298400.jpg;1920;1080
person;1618;518;1660298400.jpg;1920;1080
person;1658;526;1660298400.jpg;1920;1080
person;1644;507;1660298400.jpg;1920;1080
person;1523;451;1660298400.jpg;1920;1080
person;1535;456;1660298400.jpg;1920;1080
person;1548;436;1660298400.jpg;1920;1080
person;1569;445;1660298400.jpg;1920;1080
person;1543;517;1660298400.jpg;1920;1080
person;1466;454;1660298400.jpg;1920;1080
person;1466;473;1660298400.jpg;1920;1080
person;1127;654;1660298400.jpg;1920;1080
person;1166;582;1660298400.jpg;1920;1080
person;1152;582;1660298400.jpg;1920;1080
person;1392;579;1660298400.jpg;1920;1080
person;1314;574;1660298400.jpg;1920;1080
person;1509;538;1660298400.jpg;1920;1080
person;1362;487;1660298400.jpg;1920;1080
person;1351;471;1660298400.jpg;1920;1080
person;1332;482;1660298400.jpg;1920;1080
person;1434;467;1660298400.jpg;1920;1080
person;1395;464;1660298400.jpg;1920;1080
person;1510;422;1660298400.jpg;1920;1080
person;1351;454;1660298400.jpg;1920;1080
person;1498;461;1660298400.jpg;1920;1080
person;1477;499;1660298400.jpg;1920;1080
person;1283;451;1660298400.jpg;1920;1080
person;1262;453;1660298400.jpg;1920;1080
person;1261;475;1660298400.jpg;1920;1080
person;1283;499;1660298400.jpg;1920;1080
person;1209;482;1660298400.jpg;1920;1080
person;1144;470;1660298400.jpg;1920;1080
person;1133;515;1660298400.jpg;1920;1080
person;1078;487;1660298400.jpg;1920;1080
person;1061;492;1660298400.jpg;1920;1080
person;1041;493;1660298400.jpg;1920;1080
person;1027;493;1660298400.jpg;1920;1080
person;1001;507;1660298400.jpg;1920;1080
person;966;503;1660298400.jpg;1920;1080
person;924;501;1660298400.jpg;1920;1080
person;729;595;1660298400.jpg;1920;1080
person;690;601;1660298400.jpg;1920;1080
person;692;581;1660298400.jpg;1920;1080
person;732;568;1660298400.jpg;1920;1080
person;840;598;1660298400.jpg;1920;1080
person;862;602;1660298400.jpg;1920;1080
person;895;590;1660298400.jpg;1920;1080
person;887;599;1660298400.jpg;1920;1080
person;913;604;1660298400.jpg;1920;1080
person;927;601;1660298400.jpg;1920;1080
person;1016;571;1660298400.jpg;1920;1080
person;1102;576;1660298400.jpg;1920;1080
person;930;534;1660298400.jpg;1920;1080
person;848;509;1660298400.jpg;1920;1080
person;820;515;1660298400.jpg;1920;1080
person;835;518;1660298400.jpg;1920;1080
person;746;509;1660298400.jpg;1920;1080
person;779;517;1660298400.jpg;1920;1080
person;689;535;1660298400.jpg;1920;1080
person;669;534;1660298400.jpg;1920;1080
person;676;524;1660298400.jpg;1920;1080
person;656;524;1660298400.jpg;1920;1080
person;642;529;1660298400.jpg;1920;1080
person;602;534;1660298400.jpg;1920;1080
person;583;542;1660298400.jpg;1920;1080
person;510;531;1660298400.jpg;1920;1080
person;550;531;1660298400.jpg;1920;1080
person;535;535;1660298400.jpg;1920;1080
person;513;546;1660298400.jpg;1920;1080
person;542;626;1660298400.jpg;1920;1080
person;563;626;1660298400.jpg;1920;1080
person;425;526;1660298400.jpg;1920;1080
person;441;551;1660298400.jpg;1920;1080
person;468;535;1660298400.jpg;1920;1080
person;488;540;1660298400.jpg;1920;1080
person;455;543;1660298400.jpg;1920;1080
person;334;545;1660298400.jpg;1920;1080
person;305;531;1660298400.jpg;1920;1080
person;281;538;1660298400.jpg;1920;1080
person;262;545;1660298400.jpg;1920;1080
person;243;546;1660298400.jpg;1920;1080
person;221;548;1660298400.jpg;1920;1080
person;209;546;1660298400.jpg;1920;1080
person;165;552;1660298400.jpg;1920;1080
person;131;552;1660298400.jpg;1920;1080
person;89;556;1660298400.jpg;1920;1080
person;34;571;1660298400.jpg;1920;1080
person;30;641;1660298400.jpg;1920;1080
person;94;643;1660298400.jpg;1920;1080
person;142;641;1660298400.jpg;1920;1080
person;271;640;1660298400.jpg;1920;1080
person;380;634;1660298400.jpg;1920;1080
person;404;635;1660298400.jpg;1920;1080
person;430;637;1660298400.jpg;1920;1080
person;1864;914;1660298400.jpg;1920;1080
person;1856;939;1660298400.jpg;1920;1080
person;1844;947;1660298400.jpg;1920;1080
person;1889;919;1660298400.jpg;1920;1080
person;1917;568;1660298400.jpg;1920;1080
person;1633;436;1660298400.jpg;1920;1080
person;11;576;1660298400.jpg;1920;1080
person;541;576;1660298400.jpg;1920;1080
person;949;528;1660298400.jpg;1920;1080
person;1255;571;1660298400.jpg;1920;1080
person;1370;571;1660298400.jpg;1920;1080
person;252;894;1660302000.jpg;1920;1080
person;0;840;1660302000.jpg;1920;1080
person;129;764;1660302000.jpg;1920;1080
person;161;629;1660302000.jpg;1920;1080
person;67;663;1660302000.jpg;1920;1080
person;20;554;1660302000.jpg;1920;1080
person;173;543;1660302000.jpg;1920;1080
person;206;549;1660302000.jpg;1920;1080
person;226;537;1660302000.jpg;1920;1080
person;134;559;1660302000.jpg;1920;1080
person;111;562;1660302000.jpg;1920;1080
person;156;570;1660302000.jpg;1920;1080
person;143;571;1660302000.jpg;1920;1080
person;1106;655;1660302000.jpg;1920;1080
person;1812;931;1660302000.jpg;1920;1080
person;1911;981;1660302000.jpg;1920;1080
person;1911;916;1660302000.jpg;1920;1080
person;1890;919;1660302000.jpg;1920;1080
person;1845;951;1660302000.jpg;1920;1080
person;1862;942;1660302000.jpg;1920;1080
person;1903;524;1660302000.jpg;1920;1080
person;1869;467;1660302000.jpg;1920;1080
person;1884;485;1660302000.jpg;1920;1080
person;1700;489;1660302000.jpg;1920;1080
person;1456;512;1660302000.jpg;1920;1080
person;1399;552;1660302000.jpg;1920;1080
person;1443;559;1660302000.jpg;1920;1080
person;1389;581;1660302000.jpg;1920;1080
person;1223;573;1660302000.jpg;1920;1080
person;1256;619;1660302000.jpg;1920;1080
person;1066;605;1660302000.jpg;1920;1080
person;1150;560;1660302000.jpg;1920;1080
person;996;573;1660302000.jpg;1920;1080
person;855;600;1660302000.jpg;1920;1080
person;901;601;1660302000.jpg;1920;1080
person;922;509;1660302000.jpg;1920;1080
person;931;510;1660302000.jpg;1920;1080
person;951;511;1660302000.jpg;1920;1080
person;986;515;1660302000.jpg;1920;1080
person;975;499;1660302000.jpg;1920;1080
person;978;489;1660302000.jpg;1920;1080
person;961;494;1660302000.jpg;1920;1080
person;969;495;1660302000.jpg;1920;1080
person;885;512;1660302000.jpg;1920;1080
person;900;512;1660302000.jpg;1920;1080
person;845;547;1660302000.jpg;1920;1080
person;760;660;1660302000.jpg;1920;1080
person;683;635;1660302000.jpg;1920;1080
person;660;638;1660302000.jpg;1920;1080
person;606;591;1660302000.jpg;1920;1080
person;563;626;1660302000.jpg;1920;1080
person;493;596;1660302000.jpg;1920;1080
person;476;551;1660302000.jpg;1920;1080
person;448;532;1660302000.jpg;1920;1080
person;426;531;1660302000.jpg;1920;1080
person;635;516;1660302000.jpg;1920;1080
person;651;569;1660302000.jpg;1920;1080
person;673;567;1660302000.jpg;1920;1080
person;694;548;1660302000.jpg;1920;1080
person;805;551;1660302000.jpg;1920;1080
person;874;594;1660302000.jpg;1920;1080
person;846;595;1660302000.jpg;1920;1080
person;370;598;1660302000.jpg;1920;1080
person;420;553;1660302000.jpg;1920;1080
person;412;543;1660302000.jpg;1920;1080
person;209;580;1660302000.jpg;1920;1080
person;268;584;1660302000.jpg;1920;1080
person;1851;443;1660302000.jpg;1920;1080
person;1841;442;1660302000.jpg;1920;1080
person;1470;463;1660302000.jpg;1920;1080
person;1549;403;1660302000.jpg;1920;1080
person;1388;482;1660302000.jpg;1920;1080
person;1404;482;1660302000.jpg;1920;1080
person;1309;486;1660302000.jpg;1920;1080
person;1198;484;1660302000.jpg;1920;1080
person;1164;499;1660302000.jpg;1920;1080
person;1148;500;1660302000.jpg;1920;1080
person;1039;529;1660302000.jpg;1920;1080
person;1003;498;1660302000.jpg;1920;1080
person;794;514;1660302000.jpg;1920;1080
person;760;514;1660302000.jpg;1920;1080
person;714;522;1660302000.jpg;1920;1080
person;745;514;1660302000.jpg;1920;1080
person;806;512;1660302000.jpg;1920;1080
person;44;559;1660305600.jpg;1920;1080
person;73;593;1660305600.jpg;1920;1080
person;84;635;1660305600.jpg;1920;1080
person;115;643;1660305600.jpg;1920;1080
person;212;694;1660305600.jpg;1920;1080
person;233;700;1660305600.jpg;1920;1080
person;251;696;1660305600.jpg;1920;1080
person;307;698;1660305600.jpg;1920;1080
person;360;647;1660305600.jpg;1920;1080
person;375;648;1660305600.jpg;1920;1080
person;423;640;1660305600.jpg;1920;1080
person;467;634;1660305600.jpg;1920;1080
person;292;594;1660305600.jpg;1920;1080
person;339;585;1660305600.jpg;1920;1080
person;338;549;1660305600.jpg;1920;1080
person;361;544;1660305600.jpg;1920;1080
person;432;540;1660305600.jpg;1920;1080
person;419;537;1660305600.jpg;1920;1080
person;436;573;1660305600.jpg;1920;1080
person;124;546;1660305600.jpg;1920;1080
person;121;553;1660305600.jpg;1920;1080
person;144;550;1660305600.jpg;1920;1080
person;156;548;1660305600.jpg;1920;1080
person;85;602;1660305600.jpg;1920;1080
person;187;563;1660305600.jpg;1920;1080
person;223;565;1660305600.jpg;1920;1080
person;195;568;1660305600.jpg;1920;1080
person;213;592;1660305600.jpg;1920;1080
person;269;540;1660305600.jpg;1920;1080
person;537;520;1660305600.jpg;1920;1080
person;516;546;1660305600.jpg;1920;1080
person;625;622;1660305600.jpg;1920;1080
person;570;535;1660305600.jpg;1920;1080
person;617;556;1660305600.jpg;1920;1080
person;634;518;1660305600.jpg;1920;1080
person;661;546;1660305600.jpg;1920;1080
person;769;616;1660305600.jpg;1920;1080
person;773;547;1660305600.jpg;1920;1080
person;776;521;1660305600.jpg;1920;1080
person;714;513;1660305600.jpg;1920;1080
person;910;513;1660305600.jpg;1920;1080
person;848;709;1660305600.jpg;1920;1080
person;1060;609;1660305600.jpg;1920;1080
person;1023;579;1660305600.jpg;1920;1080
person;994;556;1660305600.jpg;1920;1080
person;990;503;1660305600.jpg;1920;1080
person;1002;498;1660305600.jpg;1920;1080
person;1093;495;1660305600.jpg;1920;1080
person;1194;604;1660305600.jpg;1920;1080
person;1262;618;1660305600.jpg;1920;1080
person;1107;546;1660305600.jpg;1920;1080
person;1118;548;1660305600.jpg;1920;1080
person;1265;480;1660305600.jpg;1920;1080
person;1356;576;1660305600.jpg;1920;1080
person;1348;484;1660305600.jpg;1920;1080
person;1373;461;1660305600.jpg;1920;1080
person;1421;518;1660305600.jpg;1920;1080
person;1456;544;1660305600.jpg;1920;1080
person;1445;544;1660305600.jpg;1920;1080
person;1594;576;1660305600.jpg;1920;1080
person;1611;551;1660305600.jpg;1920;1080
person;1548;546;1660305600.jpg;1920;1080
person;1484;458;1660305600.jpg;1920;1080
person;1457;458;1660305600.jpg;1920;1080
person;1583;485;1660305600.jpg;1920;1080
person;1548;451;1660305600.jpg;1920;1080
person;1510;451;1660305600.jpg;1920;1080
person;1501;446;1660305600.jpg;1920;1080
person;1581;440;1660305600.jpg;1920;1080
person;1839;492;1660305600.jpg;1920;1080
person;1857;496;1660305600.jpg;1920;1080
person;1906;510;1660305600.jpg;1920;1080
person;1887;500;1660305600.jpg;1920;1080
person;1900;483;1660305600.jpg;1920;1080
person;1880;476;1660305600.jpg;1920;1080
person;288;727;1660305600.jpg;1920;1080
person;568;726;1660305600.jpg;1920;1080
person;859;494;1660305600.jpg;1920;1080
person;1204;460;1660305600.jpg;1920;1080
person;1531;429;1660305600.jpg;1920;1080
person;19;586;1660309200.jpg;1920;1080
person;43;590;1660309200.jpg;1920;1080
person;34;587;1660309200.jpg;1920;1080
person;59;625;1660309200.jpg;1920;1080
person;104;653;1660309200.jpg;1920;1080
person;148;652;1660309200.jpg;1920;1080
person;101;593;1660309200.jpg;1920;1080
person;98;586;1660309200.jpg;1920;1080
person;126;569;1660309200.jpg;1920;1080
person;151;583;1660309200.jpg;1920;1080
person;243;651;1660309200.jpg;1920;1080
person;214;583;1660309200.jpg;1920;1080
person;243;542;1660309200.jpg;1920;1080
person;251;540;1660309200.jpg;1920;1080
person;257;545;1660309200.jpg;1920;1080
person;336;541;1660309200.jpg;1920;1080
person;401;550;1660309200.jpg;1920;1080
person;533;589;1660309200.jpg;1920;1080
person;559;526;1660309200.jpg;1920;1080
person;604;567;1660309200.jpg;1920;1080
person;650;516;1660309200.jpg;1920;1080
person;725;554;1660309200.jpg;1920;1080
person;651;545;1660309200.jpg;1920;1080
person;686;513;1660309200.jpg;1920;1080
person;838;582;1660309200.jpg;1920;1080
person;866;586;1660309200.jpg;1920;1080
person;850;526;1660309200.jpg;1920;1080
person;889;516;1660309200.jpg;1920;1080
person;858;502;1660309200.jpg;1920;1080
person;872;501;1660309200.jpg;1920;1080
person;994;560;1660309200.jpg;1920;1080
person;1010;569;1660309200.jpg;1920;1080
person;1034;605;1660309200.jpg;1920;1080
person;1056;613;1660309200.jpg;1920;1080
person;1036;581;1660309200.jpg;1920;1080
person;1058;542;1660309200.jpg;1920;1080
person;1092;554;1660309200.jpg;1920;1080
person;1059;520;1660309200.jpg;1920;1080
person;1296;631;1660309200.jpg;1920;1080
person;1346;633;1660309200.jpg;1920;1080
person;1118;503;1660309200.jpg;1920;1080
person;1135;495;1660309200.jpg;1920;1080
person;1166;490;1660309200.jpg;1920;1080
person;1220;534;1660309200.jpg;1920;1080
person;1151;566;1660309200.jpg;1920;1080
person;1272;481;1660309200.jpg;1920;1080
person;1327;493;1660309200.jpg;1920;1080
person;1365;476;1660309200.jpg;1920;1080
person;1436;544;1660309200.jpg;1920;1080
person;1399;480;1660309200.jpg;1920;1080
person;1422;486;1660309200.jpg;1920;1080
person;1441;440;1660309200.jpg;1920;1080
person;1415;461;1660309200.jpg;1920;1080
person;1512;458;1660309200.jpg;1920;1080
person;1619;522;1660309200.jpg;1920;1080
person;1719;527;1660309200.jpg;1920;1080
person;1706;536;1660309200.jpg;1920;1080
person;1731;535;1660309200.jpg;1920;1080
person;1791;495;1660309200.jpg;1920;1080
person;1834;477;1660309200.jpg;1920;1080
person;1837;471;1660309200.jpg;1920;1080
person;1861;468;1660309200.jpg;1920;1080
person;1857;476;1660309200.jpg;1920;1080
person;1874;475;1660309200.jpg;1920;1080
person;1881;473;1660309200.jpg;1920;1080
person;1705;459;1660309200.jpg;1920;1080
person;1586;433;1660309200.jpg;1920;1080
person;1447;544;1660309200.jpg;1920;1080
person;1503;524;1660309200.jpg;1920;1080
person;1533;867;1660309200.jpg;1920;1080
person;1495;846;1660309200.jpg;1920;1080
person;1469;879;1660309200.jpg;1920;1080
person;787;524;1660309200.jpg;1920;1080
person;798;527;1660309200.jpg;1920;1080
person;352;555;1660309200.jpg;1920;1080
person;1423;688;1660309200.jpg;1920;1080
person;1379;701;1660309200.jpg;1920;1080
person;870;523;1660309200.jpg;1920;1080
person;966;523;1660309200.jpg;1920;1080
person;997;1036;1660316400.jpg;1920;1080
person;1083;1032;1660316400.jpg;1920;1080
person;1593;613;1660316400.jpg;1920;1080
person;1527;541;1660316400.jpg;1920;1080
person;1621;554;1660316400.jpg;1920;1080
person;1591;569;1660316400.jpg;1920;1080
person;1782;585;1660316400.jpg;1920;1080
person;1911;498;1660316400.jpg;1920;1080
person;1845;467;1660316400.jpg;1920;1080
person;1863;458;1660316400.jpg;1920;1080
person;1838;448;1660316400.jpg;1920;1080
person;1676;493;1660316400.jpg;1920;1080
person;1668;506;1660316400.jpg;1920;1080
person;1654;490;1660316400.jpg;1920;1080
person;1747;528;1660316400.jpg;1920;1080
person;1764;467;1660316400.jpg;1920;1080
person;1767;495;1660316400.jpg;1920;1080
person;1537;459;1660316400.jpg;1920;1080
person;1545;470;1660316400.jpg;1920;1080
person;1553;467;1660316400.jpg;1920;1080
person;1561;467;1660316400.jpg;1920;1080
person;1572;469;1660316400.jpg;1920;1080
person;1426;470;1660316400.jpg;1920;1080
person;1414;516;1660316400.jpg;1920;1080
person;1428;518;1660316400.jpg;1920;1080
person;1450;531;1660316400.jpg;1920;1080
person;1371;542;1660316400.jpg;1920;1080
person;1329;542;1660316400.jpg;1920;1080
person;1337;615;1660316400.jpg;1920;1080
person;1277;586;1660316400.jpg;1920;1080
person;1300;480;1660316400.jpg;1920;1080
person;1485;450;1660316400.jpg;1920;1080
person;1075;510;1660316400.jpg;1920;1080
person;858;579;1660316400.jpg;1920;1080
person;841;576;1660316400.jpg;1920;1080
person;770;618;1660316400.jpg;1920;1080
person;840;537;1660316400.jpg;1920;1080
person;853;531;1660316400.jpg;1920;1080
person;852;524;1660316400.jpg;1920;1080
person;848;503;1660316400.jpg;1920;1080
person;882;534;1660316400.jpg;1920;1080
person;870;554;1660316400.jpg;1920;1080
person;993;529;1660316400.jpg;1920;1080
person;980;525;1660316400.jpg;1920;1080
person;1010;533;1660316400.jpg;1920;1080
person;975;499;1660316400.jpg;1920;1080
person;977;512;1660316400.jpg;1920;1080
person;643;536;1660316400.jpg;1920;1080
person;679;543;1660316400.jpg;1920;1080
person;729;544;1660316400.jpg;1920;1080
person;745;534;1660316400.jpg;1920;1080
person;696;624;1660316400.jpg;1920;1080
person;598;600;1660316400.jpg;1920;1080
person;532;538;1660316400.jpg;1920;1080
person;547;557;1660316400.jpg;1920;1080
person;671;565;1660316400.jpg;1920;1080
person;503;546;1660316400.jpg;1920;1080
person;490;534;1660316400.jpg;1920;1080
person;478;542;1660316400.jpg;1920;1080
person;432;539;1660316400.jpg;1920;1080
person;446;570;1660316400.jpg;1920;1080
person;418;560;1660316400.jpg;1920;1080
person;414;550;1660316400.jpg;1920;1080
person;417;540;1660316400.jpg;1920;1080
person;401;551;1660316400.jpg;1920;1080
person;585;680;1660316400.jpg;1920;1080
person;362;542;1660316400.jpg;1920;1080
person;294;548;1660316400.jpg;1920;1080
person;316;590;1660316400.jpg;1920;1080
person;201;574;1660316400.jpg;1920;1080
person;232;567;1660316400.jpg;1920;1080
person;141;555;1660316400.jpg;1920;1080
person;149;562;1660316400.jpg;1920;1080
person;166;556;1660316400.jpg;1920;1080
person;113;580;1660316400.jpg;1920;1080
person;107;596;1660316400.jpg;1920;1080
person;94;588;1660316400.jpg;1920;1080
person;96;576;1660316400.jpg;1920;1080
person;58;564;1660316400.jpg;1920;1080
person;35;556;1660316400.jpg;1920;1080
person;1505;538;1660316400.jpg;1920;1080
person;1288;542;1660316400.jpg;1920;1080
person;1263;517;1660316400.jpg;1920;1080
person;1236;511;1660316400.jpg;1920;1080
person;1200;506;1660316400.jpg;1920;1080
person;1844;490;1660316400.jpg;1920;1080
person;1524;443;1660316400.jpg;1920;1080
person;1566;441;1660316400.jpg;1920;1080
person;1634;483;1660316400.jpg;1920;1080
person;1517;533;1660316400.jpg;1920;1080
person;1438;598;1660316400.jpg;1920;1080
person;1112;552;1660316400.jpg;1920;1080
person;782;535;1660316400.jpg;1920;1080
person;573;631;1660316400.jpg;1920;1080
person;161;547;1660316400.jpg;1920;1080
person;748;512;1660316400.jpg;1920;1080
person;1092;501;1660316400.jpg;1920;1080
person;1435;469;1660316400.jpg;1920;1080
person;1390;475;1660316400.jpg;1920;1080
person;1373;471;1660316400.jpg;1920;1080
person;511;520;1660316400.jpg;1920;1080
person;1543;423;1660316400.jpg;1920;1080